month,temperature,humidity,pressure,wind_speed,rainfall
7,29.878098008087377,67.56341495501053,1008.6161459463298,29.909957341976387,1
4,33.50817517836146,61.84483275860661,992.5144853798445,24.900185060682084,0
11,25.87887624540144,69.68529403179686,1004.741931008641,23.843351760700113,0
8,33.058648867411435,74.53725290249497,1009.4918362267066,10.387518971688776,0
5,25.556534893569754,77.08670935249766,991.0439725808994,13.400176474752719,1
7,33.42314035298182,69.28646559076844,1003.6438776125323,16.642063544056988,1
10,25.51635477874513,79.67821370308025,999.3630828260206,24.334526194556243,1
3,25.18242481428361,47.770292710152816,1001.5835051074945,27.874146626949216,0
7,31.969614623664214,51.65903699962312,991.7068267296864,9.728477500574616,1
11,34.972555347683944,85.03042522408487,990.8601390373387,28.05918711675257,1
11,33.966102629740206,57.739038781552836,1003.3373332110184,22.39061630885145,1
8,30.759984178056598,41.25916037368661,1006.4661885964143,20.269268267125966,1
5,34.173956130855316,48.45851323174171,1005.6403066986593,9.996031782048487,0
4,25.053000063976054,52.29879389729712,1000.8761145573247,6.388125820228764,1
8,34.750671629451425,92.6527588342023,991.9973364227236,19.2116224626985,1
8,29.907487792587844,71.51727859119671,1003.7608888767203,21.28789208322231,1
3,32.228960966217755,91.30019072619402,994.8377776710829,10.269536233867207,0
6,33.20861473153353,71.63398427731437,1008.2213740553477,18.911405145636408,1
5,32.184572708365536,66.36449420758186,1006.7653071909141,26.41233506906434,0
2,30.350367320449106,57.25502301567528,1004.1876593417478,25.8766486363755,0
8,29.76619484126412,73.35040194383566,1008.9769191166226,28.18387951465743,0
12,33.38582558702625,47.655891353964144,990.6284364302254,14.147145238922011,0
6,27.050775601494593,89.40438950109882,1004.7240085012153,12.951239313772968,1
2,34.679940665042345,85.6132822827706,996.6048555867281,23.735650149520218,1
12,32.10952478836748,57.46422963322054,1008.1213177137273,15.777810127425125,1
5,26.995069273383198,92.40386401807119,995.3335039332395,7.188716600694516,1
1,32.36247183698488,85.38604220785625,1004.4971299863004,12.070028266762492,1
12,30.298400231811165,76.64687872092719,1007.5529403930157,15.464557138287228,1
10,32.072300956444444,46.69690511189011,990.8331363676537,12.3129106369063,0
6,32.67779501442839,66.30287126764398,997.9529515918407,13.305139273683041,1
12,25.872901795896755,67.8359155165713,1005.2461806404388,12.344397654359769,1
9,30.061039563593468,52.7903247100959,999.0983777901517,6.0374791795769855,1
1,34.320143422569345,44.39809668976161,995.345052595872,20.927367520611064,1
11,28.206421921595144,82.71979967594311,994.3961069764638,19.932310508836732,1
11,30.938830975578988,46.71192786684173,992.6303653383276,21.334587461967015,0
10,28.69230481509896,72.68599128089761,1007.1425911971256,9.807747400840686,1
12,29.542679722190996,91.50470456360134,1001.5071080650312,12.391363540312131,0
12,30.486031179381534,88.18578559289233,991.5276988998291,20.490398173623056,1
3,30.48921979888977,55.27639430620936,997.6516064714127,19.990689211498037,0
12,27.01730462330236,86.82967506531959,997.3546730161022,17.658257733856694,1
7,31.845715478798333,40.01828783662692,993.6347838141893,13.760331250254936,0
4,25.87868111242657,40.97282952872915,998.7101525094438,27.82327511936725,0
9,26.388247734420204,73.14042401135757,996.6419873078627,13.494256057471095,0
3,25.027108994143298,60.06390205294912,996.8360741098436,16.39047891093129,0
5,26.166960641416814,61.2553462637531,1004.7805311557591,21.95284577385522,1
3,29.731662010518924,71.04425998733853,994.465267710104,18.575535771669102,1
7,31.061018810558387,50.54803505755233,1002.8371991771071,13.67214940910964,1
5,32.942894499664625,51.64654428660131,1001.4129924776187,15.891119761412746,0
9,26.06699250113436,66.65308728603756,1001.3618502467574,24.862020446337652,1
7,33.50727460016455,81.48394493891246,1003.2601469228355,11.953228887165311,1
2,32.45974525548718,74.07237632741732,1000.9676407239131,8.556380994420385,0
4,29.08518292935917,56.35452765302614,1007.5851022969277,12.829080045744426,0
9,34.32938067099955,63.66854476299066,1003.5116018390052,26.238355387197533,1
12,34.90929476457391,49.386561720249915,1000.9392650274277,7.224742871408667,1
2,27.050018100532373,44.104639788539494,1006.5952624057529,29.792401834311296,0
10,28.792285849638006,83.04828224092822,1002.1229312986696,18.525072473191564,1
9,34.26449423589711,54.5963075053507,995.8228849557036,29.62114359917735,1
10,32.21596550751277,49.77715133181865,994.1418983635315,28.47491055214944,0
5,25.480946439640878,78.03899305631256,993.0465557132536,16.32034285527292,1
2,32.81514481751415,73.99284208579523,1007.9891042509221,9.962276865133727,0
4,33.27940887177492,74.82542943074051,1004.2027086359614,9.122119414128461,0
12,32.50501924765314,52.58920326656375,1008.7475687632864,10.999734096748938,1
12,32.99537130919516,52.795504620947455,1002.0658361142989,22.753316014113434,0
7,33.251326766927974,52.14414463821015,999.4680176298982,11.823749868287196,0
12,26.86404986788144,49.556392761426196,991.1943297794178,13.535631740107458,0
8,27.356917460649996,76.0648019908911,1003.4328456309206,16.21947009986537,0
3,31.337585637201773,86.64087368871708,1001.6441751953646,27.830817010536407,0
1,34.07866130462516,79.83746083221637,1009.8041778717525,9.734835447121153,1
4,28.161965822964945,83.56514985682988,994.7831755556449,5.125663815245078,0
2,30.883066757950566,62.26391359968599,1000.6147471057367,6.502410259454254,0
8,31.829820634171323,75.9741687454599,1003.0191467023615,27.61915854200295,1
4,29.51948601299039,59.482993224462604,1002.8918234948469,21.187911621084076,1
2,32.13782454855326,68.9027542082752,1001.225870858968,11.82601548319517,0
6,33.99667445292173,66.48991655941742,1005.5385602065445,9.429812525279779,0
6,31.241015441818377,49.72879298291199,994.0996241905364,12.356668415927858,1
10,30.39781061914633,61.289331818459694,1004.5125440054883,7.869923181282003,0
4,29.38744675388339,93.01022515152931,1002.3946914286618,28.538322757111025,0
6,30.774862709061257,53.67191417432181,1007.9215022358915,24.60515435913167,1
2,28.55362451818396,47.35920549537188,1006.9438887806716,16.55977942281352,0
10,28.91482110201502,63.02193418931644,996.302940782651,26.624065127880048,0
12,30.31857479688174,83.46857547230815,995.5247464995031,11.236455107330807,1
2,25.66619112390817,72.01815263789848,1009.6330664770489,22.92801421180484,0
10,27.290253909247962,77.45361549810346,1000.5453036183052,26.403312475343586,1
4,30.42849310613409,50.433216649607246,1008.1284192782888,13.919217790581815,0
8,29.315281431364426,74.04215061542467,993.2776204756096,23.936611136267942,1
7,28.328157859124843,57.792521720131056,1002.8563782960035,12.376808731607735,1
12,32.305491368093016,85.88668512751221,1006.1972037472117,12.47142838147577,0
9,31.937176074033385,74.6114343305905,1008.9479049917289,7.676429463854651,0
8,26.66730759993383,50.937095277641276,996.7468028203405,16.001451162734966,0
5,33.78629115373438,43.55391739142474,1004.499623398481,23.242797662435557,0
2,29.954236264039658,42.3448265107868,1000.7762601807924,28.505520139282122,1
5,32.414609111390455,60.42747122075774,991.2125785213294,20.094924798227403,1
8,30.731508492573887,54.621812515987244,1003.7999947461789,26.578388443393475,1
10,34.97692615923843,75.53495679043795,1003.8019311647569,25.562366232255677,0
9,32.52403120038823,67.46336092382401,1008.6121360969307,9.333576324382022,1
12,32.06980461243459,54.63106029029594,999.9462489233795,17.145435722815787,0
12,32.78571939050751,48.20807778725968,994.6050184142103,7.923088388134786,0
12,26.431279855484696,46.995986947809726,990.8912764689736,22.053829039040874,0
9,27.045445931694633,87.55632156772297,998.3128437337181,28.747491706151898,1
1,32.14064082223614,53.3912882622677,996.0383340015501,8.427236451968913,0
9,29.939814871308627,75.84408563510326,1005.2217661204775,23.347078270063534,0
7,32.546352918601166,84.58772603924464,997.0853552968209,20.805953771696522,1
9,26.02916030744145,73.77447211516048,1008.9814239262969,19.590125925202493,1
8,30.36481351484595,87.27608774058201,1009.2462040597557,14.753005867208481,1
1,28.788215655569157,61.581654684066095,1002.4181718043542,13.878291193845314,0
12,29.570002192816784,92.59222048569217,1008.5732057402977,6.131229725472196,0
8,31.039578720725125,47.32297522979533,1005.2170868902899,10.447717706300336,1
8,30.022883474625303,45.618224131164595,1000.9371928195026,5.379422057170673,1
11,30.398606371128366,76.22806804140939,993.6061587084556,19.535427639550512,0
3,29.863574819956078,91.8557127777294,999.1719588702769,7.646330896947721,1
1,29.089551770854932,84.48859038999805,1001.2174892672524,26.825484850742903,0
8,32.71881980598245,44.202927269092825,1007.2792316147002,18.07857551742913,0
3,25.122030723180444,55.3652242664094,999.6266675307133,22.49224772646771,1
3,30.984427012052272,91.1675386660803,1007.9534934535591,15.271427296012412,0
1,30.655083473229737,53.91821380404315,1003.4869795804693,19.014495225026216,1
11,32.16179074732952,82.96437330828056,992.7399812610735,28.566479424165763,1
5,30.990293647773264,85.38227077607871,1009.8996273865018,7.068350990591769,1
10,33.26798827809078,67.249865690354,1000.5446532150783,11.348444298092403,1
7,34.590747945640274,61.24919004165736,997.8371659281815,24.499708172763608,1
10,28.425242571785432,64.75684378308678,1003.1822752893905,7.468430172066647,1
9,27.273509830299872,52.48305819009503,992.1778662796207,6.891527597602771,0
12,29.23596862420483,88.91650038708644,1002.7307729350671,14.038534968850964,0
7,27.87929616475726,64.78408112013668,999.9647200099855,7.304198961810808,0
9,31.149502631526545,88.5352692250855,998.1334813999716,19.62696105515508,1
8,34.118524088429645,45.813141394845076,1009.060400423578,10.656881270414996,0
12,26.391161941430617,94.35513990500723,1000.450794334641,27.39244907998431,1
2,26.007946030158866,64.380019809399,994.3823495893988,24.587502021131417,0
1,27.560155318536623,42.6306951216758,999.179269587546,22.492630152486903,0
7,32.26095586062401,42.09120165306002,1008.3877480914534,20.42360068461255,1
7,30.929629052588215,81.04139916150112,993.5219094266118,26.586643258536583,1
8,26.022126642251997,76.24695438120244,994.2791407737648,10.576551538568921,1
5,34.18750522260746,84.11718069701732,990.2605913551416,26.827721069105692,0
3,32.90084637124087,45.79521436740433,990.2838009879154,24.737307460601308,0
12,25.230226047876375,41.95639768695516,1006.5878325391702,23.704020659692137,0
8,31.51367210988246,67.97186091961682,1004.6424521368591,19.0313919518731,1
6,32.71246668519738,61.31773773155233,997.1008211290392,11.156104024265002,1
11,28.744353697204218,65.40708151690256,1003.9662231445515,15.588697899797408,0
3,25.68921539367219,94.53736248786507,997.9041185261995,24.83926636347004,1
1,25.773210654887873,93.39124767188686,1009.0579359199565,5.794462108933111,0
3,26.042469660518094,91.8273464320256,1009.3410536285207,24.551269231593956,1
5,33.40439631980423,83.11134722222207,997.8558755161869,11.001768512189162,1
3,34.106861982557135,59.51627481412898,1007.0844381268173,8.607730018040076,0
1,26.22810781845734,62.667201164452436,1005.4617808339493,7.892532954507554,0
5,27.359060345950812,70.22888240454085,996.1999987434358,5.681250298770378,1
10,26.6552051036729,85.6793951022662,994.6407965780221,18.089662130536322,1
7,26.863208794941208,43.779205788504726,999.1646930078567,10.456496817343236,1
7,33.37490789002492,63.33632872366884,1005.6269768122881,29.73579414449079,1
11,28.32146412654939,44.54397149025978,1009.203355694575,19.360918896805146,1
9,28.11444264045641,68.30616726154314,1005.2715813773315,8.44713173390026,0
10,27.273956208771125,89.43954532034294,1007.1041397003675,22.219063520284134,1
10,31.078943937942586,83.0366708510166,1002.0612861234104,27.443589162743134,1
12,28.79305698385549,52.53133296487105,1006.7081566168425,23.62948738424036,0
3,32.44249651843289,93.67949672793358,1005.6884171600683,6.910996525986191,0
7,27.055798083756375,76.70427189255356,997.5397108385256,27.397104529816488,1
1,32.87789888714492,40.57352346685717,1001.0398060424144,24.84823464649912,0
4,31.03721531730139,54.04774165768707,1006.0950624397939,8.957597502640358,0
4,26.142673000556876,54.33923149559541,990.9211346837991,6.294647218320422,0
5,29.145045842036275,43.808986845722295,1006.1615856471166,18.932764382857712,0
7,33.63518140612957,92.7904584941761,993.5577624809805,8.900895283499423,1
7,34.22960231798485,66.3040412016758,1000.2936723424287,25.8647738148818,1
11,29.657001223188132,89.2698028554535,1006.1655087911188,13.958366416791844,0
4,29.808369780890736,57.72185268945456,995.0764215631339,27.822311118414383,1
7,34.18454724939301,46.887846373805495,994.916148786123,19.142204303525144,1
11,30.87068224136567,66.08848604484177,998.055287969245,9.566809605991704,0
3,25.328466702434383,46.267614909287445,1007.8928559515527,8.489971683995002,0
6,34.12749462879129,66.7308526637647,990.0088556287442,19.411810938943848,1
12,27.48226442757152,90.61634496706742,1008.0276619328387,24.047090296561098,0
2,30.776319540915473,68.6422478008817,993.0761404928321,24.537641193554553,1
10,26.655133174279737,73.9074849792296,1009.8017275213497,11.893935111032032,1
9,25.33879160246595,48.61511403355946,1009.0969398607693,10.106168972804188,0
5,28.114731711327575,42.40545942339832,999.8935037918257,5.41890761230956,0
6,32.80495707546088,46.09443791988939,1000.2544049562525,21.979978780029235,1
12,27.77587172629418,72.91923666264012,999.6309868055171,6.914206460838475,0
12,27.200972140810972,45.225643444576754,1002.7088729131905,15.519030044148145,0
12,27.126807843412262,60.67960894677213,991.8144340446986,20.042054100457403,1
12,30.151736824068127,70.25505672519859,990.6523589668313,28.427723622991927,0
4,34.755413156827565,61.37590392464159,991.154058568318,12.795053423894217,0
11,29.58988988017013,49.00260908059158,998.8873069848303,11.244304061162994,0
10,30.57305368890048,55.05852191327586,995.5109587843897,21.35400385715246,0
7,33.60632017890734,91.05746430667173,1002.4407912474198,20.48097580133954,1
12,30.350697189336586,77.17902515724955,1009.8488457874956,13.302744582703115,0
9,26.84462871418856,67.28263112739376,997.7264634615293,28.202545887744662,1
7,27.99595911766477,40.699318949279146,1001.4768250820903,26.12155818724082,0
1,28.09936926268611,94.58284702692086,998.3120779181467,10.599563646627029,0
1,28.97318115457598,76.93002141920539,1006.9454333544372,10.978563635863079,0
9,29.267889053367494,57.43073625397197,1008.0447280692448,17.807508672177015,1
11,32.997820220742696,88.3597762998811,1007.5471122441052,24.33930254326801,1
9,28.49386999049333,54.21373911604999,1009.4874447735851,6.10100948471161,0
4,29.682318284413792,69.92091185505134,990.5503837028083,22.333378843367665,0
9,31.249759870510523,74.98389200514038,1006.7963232429106,21.205897434552423,1
3,28.777259474401692,52.158485429955064,1005.0354434607818,10.787002397824706,0
7,33.365648132923326,93.81185033403278,994.5738881880073,22.033825331033718,1
6,30.874536042340743,81.15055482884486,1009.1264018677506,28.504579781302066,1
8,27.940446792209716,70.67972740310884,992.9635585645989,6.169646124294212,1
11,32.140591997898284,49.93270289964155,1003.5909985426782,12.991301382301563,0
9,30.27647730144786,42.962201384891436,994.4978043363183,15.954417916658882,0
5,30.34455891257247,57.60329078865409,998.6276129754815,27.48150897311724,0
1,29.81087948387586,81.42530347523716,1004.3831979388914,29.056536165228916,0
3,29.97011948821249,54.813221406611376,1001.2664928406609,16.10288116240831,0
10,32.65356281066241,69.67559212725278,998.5500366265622,23.75071030355478,0
12,26.029814793313154,80.03709472019088,996.5267686186397,18.291525594112073,0
8,28.34362811310482,45.93690430555554,1006.7931931141758,18.444573368534414,0
11,25.755033638038892,77.69139088637303,992.8762870062963,11.95248787665891,0
6,32.53246220747451,45.05289882405246,998.602057530596,10.423906146596988,0
8,27.723018547202994,93.08213581698482,1008.0751514355028,12.20013364810103,1
9,33.97430409818884,66.86167715357168,1006.9169910091994,18.908200181426984,1
4,30.265784666592936,48.28718592404326,998.018835249461,5.728879650552225,0
1,33.00749771486121,58.83109998184506,1005.2621672720262,27.681223608910145,0
1,34.78931435615961,62.73790471123938,1006.4632166141772,8.907092738744407,0
10,33.39788859456571,81.70017560920955,1007.7777484800725,10.502216921784663,0
4,33.66993760011523,80.88830823421351,1000.8901153809845,17.95690441119116,0
12,29.079844953648447,73.65672779355322,994.0892177210942,22.752869158431984,0
7,30.5172259525934,45.826189190717116,995.1061815300786,7.393226368609932,0
2,27.538885640433044,48.33631543732205,995.913893480832,12.942367438679055,0
3,26.96113099693453,45.156630635505614,1001.8760496161923,29.21686513935893,0
1,30.05507879106034,71.74450308081525,990.6561924825721,11.558574169523641,0
5,30.950489797004206,88.24261428312721,1002.7208493755994,12.826253626578673,1
1,28.39271245896191,63.85902817401245,997.2870847685647,25.912462265450838,0
8,30.694435177635004,48.84664956767604,995.9048360497928,6.255360792261381,0
1,33.87460482513503,70.69232788319319,1007.5899314145626,16.61532922022427,0
11,30.567215847833662,84.64637192761404,999.200047911616,14.490419111291756,1
1,32.20813096310506,80.79416338321116,991.9010609106539,12.914668997716278,1
2,33.05314967357905,88.47979288212618,1006.534935360525,12.142489851119112,1
2,34.88728781955443,55.28461534868773,990.9528251487301,7.28435262151023,0
12,31.031974021769795,50.667462699727615,1004.5349844833639,12.870645733791221,0
6,33.06850148962586,88.38990672680663,1005.4781244354133,6.076310067891715,1
7,34.626493185548746,76.16581720279126,997.0520521185772,24.524096591110883,1
5,34.44409725577273,57.10109115041548,1006.4957571255558,14.95569484895029,1
1,26.410818487777135,80.829142781488,1000.313188117129,16.09759580799779,1
1,29.063923082735222,84.83151114642024,999.2658730654559,27.33986466125329,0
3,28.239900611067995,73.82380321876228,990.9080656293738,21.451374596530517,1
2,25.869250149503493,77.83362604339533,995.8005838729781,5.201477583552995,0
5,31.332407749109606,60.63929474434665,1008.620199417706,28.579370574032126,1
12,32.35904613196002,69.62826170386715,997.83647926567,10.92861164944278,0
10,33.48128095466883,68.82875438993892,1000.9340104111353,7.690354618996471,1
6,26.227768896627087,86.64262851219246,1000.640433579685,24.203204459522055,1
7,33.76444075875294,86.19801891552004,1001.8086217964538,17.511932896667954,1
4,31.429255636142532,85.79742581408738,991.2266191128657,15.844264150450439,1
7,32.03946135138509,40.60673878443562,997.2435250959745,11.237576992068544,1
11,34.10624003540304,81.22500164578885,1004.4625654776511,18.686787246557966,1
8,31.247612710432513,81.72720145610526,994.0112050214597,11.859615130064686,1
11,28.358658571498353,77.3108352570328,994.0715675509272,27.53957513217669,0
1,33.2510733142266,81.5945561840299,990.2018121337805,10.38011199332982,1
6,28.630592121950905,86.30837043231898,998.7496385321642,27.10887876139384,1
8,25.34228110820529,65.86754797559821,1007.6546876134685,18.985135643183924,1
5,33.3065450656525,67.61276174186459,991.0380188717462,25.712203347381024,1
4,28.451921448812755,46.859273130126475,993.8223741899201,22.821149896523874,0
2,32.7383452320134,61.1956735676049,996.2016907668551,22.417377785918713,0
6,28.627578946659455,75.38508489514814,1004.6344947312842,13.108645192376393,1
6,33.610680199747215,82.9219876881001,1002.8127118560517,10.847423286805087,1
11,27.195105250809586,51.946500373016576,998.3188780916371,10.272155692019703,1
1,34.7454726519887,47.58025945375795,1005.1813787851676,26.429791426489718,0
9,32.79758774788031,76.46731024752708,1002.1926202331381,25.5106705064755,1
12,26.142379259203967,40.10339359387009,1007.9208159931444,16.014338200307684,1
11,30.657766199665605,49.81049213690314,1006.3605349827739,8.310115337411364,0
6,34.85367312241735,41.59892591891746,995.056272121784,14.556306299436459,0
3,29.710654526938143,49.1786814820179,995.428771552684,20.483586353422787,0
4,26.82107138821583,49.97256039590279,992.5071295158477,16.360078861998822,1
12,29.84778367150346,61.32204771127168,996.7392945143491,24.504731712074875,0
11,30.124576558819214,62.12799185776058,1009.9908783743819,29.940570556284637,1
4,32.416869442286654,88.08443588356307,998.1150233723013,9.778302211222421,1
3,31.988458531609044,68.05603418743539,994.4097686937821,16.49127049148931,0
10,29.025500435969803,79.78726210867575,1005.2496576895111,15.774597548020552,1
3,27.180231074940863,45.72755468561581,1000.8494200692531,12.612313318723771,0
3,31.450541677693295,52.399131550503164,992.9920289905391,9.95238791800724,0
4,29.217039345532818,78.66188925382723,997.6137936232174,6.6423029122414805,1
7,26.322762111253304,42.904217825769045,998.2893943107869,27.17798293059246,0
4,34.00572301236386,66.76287142340642,1005.0765940113844,15.49621744215794,0
9,31.912218576096542,72.96529311146136,990.413427377838,17.422387962501222,1
1,31.831838564454813,73.11801042288646,995.3803929359663,27.923551205022896,0
8,33.22583875911674,41.26130461974231,1000.3519260263105,24.407261937898696,0
7,30.29661678655081,57.715940232605206,995.3769348490569,8.262531602929606,1
2,33.15054428402457,75.00698580770347,1002.56868094838,19.13549919019356,0
8,29.980907535110056,48.19498548820839,999.6373495854923,16.05630691298898,1
1,25.6717539991571,78.24786065804292,997.2342050971916,24.93027681446907,0
11,29.05248088027689,81.0258864847521,1008.9841725374102,23.10581369029873,0
12,29.974648939798904,94.00830547453799,1002.6431899837291,22.2601430477768,0
9,32.20202581632296,51.54130971710252,992.5988274453588,13.513620886997423,0
9,26.065787301286743,85.38218672163634,1001.2018339488679,25.12409325998136,1
2,26.40018538660449,68.61631173052598,1005.614637064018,6.309782389871531,0
7,27.636838026346165,60.540442787929535,1004.169793949856,8.990622535804182,1
10,27.66498393370882,46.73072165288479,993.4417845859052,13.390581824447793,0
3,32.32184578459062,80.45280835681456,1009.448399980802,6.920186026732032,1
7,27.507306605615977,52.972167952902794,998.9762729149321,10.87485693836729,0
12,31.330980633574477,60.42821010301752,993.1805000748052,25.753774574947954,1
10,29.942738501382713,43.439822479355264,993.6039150825629,28.706288444751983,1
9,30.732943781794006,84.07518037007355,991.9646998437817,12.615058894354762,1
4,33.38106963178296,82.16236881844038,1006.0703621686987,11.612895099720955,1
12,29.043815015490242,80.34887065232718,992.440609886437,11.997316306160673,1
1,32.7091137706427,56.469393077053766,992.5025051428349,11.942977183771095,0
2,29.220360595506875,49.54140408462765,1007.0094322952168,5.898254554649325,0
1,28.538713765612496,75.06542954586263,996.8920816889512,28.172908658277702,0
12,34.586271773132204,67.28915112622707,990.6171580861615,10.34245353925821,0
5,26.843709206789633,49.80388567975529,991.0379059903682,15.500101852035124,1
5,25.903369605776078,77.72511990774251,992.843408934078,5.2421720685241935,1
11,32.709859255354786,94.5119537501717,994.2678669595138,26.44887727287643,1
7,25.682497053540917,81.09707732581208,1003.3029238847681,23.27893361137293,1
9,33.37078990703029,80.69925126770865,993.1465256000365,28.66890087934258,1
9,29.371933963572435,92.26720141118254,992.3774878235414,24.540386979909975,1
3,34.15513677291914,51.16150021661962,1005.2943828295256,12.842662801301632,1
3,32.21532861121906,71.10524807067922,1003.4211056771983,11.19683396821059,0
3,31.104046670079576,93.8805693268636,998.7064844291048,22.442907688832324,1
4,34.493067970577656,49.0911761033596,1000.986195429602,14.102819375262486,0
8,28.966493730520543,78.51385776944866,996.2396804065284,19.15537539381541,0
6,34.54086936539633,72.2195580284546,999.6500084047073,5.1564367756617555,1
8,26.350012774212068,72.25635007037889,1000.1334529796549,6.547142542011882,0
1,29.837549419324127,78.37188451360413,997.7447454235619,18.38419852954128,0
8,27.69911222392195,91.12893075816262,1008.1314442134433,19.151791161204127,1
4,30.398427789081936,83.04200669182359,990.3212372996202,23.786323611483592,0
11,26.620138778915845,43.08748568789155,1005.643425261825,8.299132990599043,0
1,33.41529660310043,86.90004109316412,992.4876566248265,17.829577093919468,1
8,33.46407849314557,52.40477314591529,1005.950947210744,9.861191110792216,1
4,34.55236312723479,60.73027906050046,1002.3182383135344,7.329902989067367,1
6,26.54672140883236,65.39530474868101,1006.865561818728,15.262394851513864,1
8,31.233325509049905,66.44983004141883,991.9502865128179,9.08341620222643,1
4,29.742373087003696,63.93492195904462,1001.1796126819955,10.544549454807964,0
3,28.443837320442334,91.55443118187254,1000.0217576052439,12.938864496737544,1
9,28.515401611342188,78.83104542152135,1004.1238636592672,11.484710018579907,1
3,29.127935506067523,74.71438552761884,1000.6858110378735,7.1897824351486594,0
9,32.04925549688953,42.741311528061786,1000.8146913426621,7.247906121492557,0
2,30.982860582681546,89.71523316432061,998.5919188715213,9.831235380854205,0
2,29.59681512761131,90.0164605604618,996.1766884801468,6.263979698988473,1
2,25.759334103696222,82.91171848865562,999.6452872250438,20.66142549192318,0
6,25.77765344078957,40.386606209749054,992.369847175368,12.18316791272255,0
3,25.023393906257784,43.15041380926928,1009.2302667796617,11.993649194226776,0
9,34.67699388207086,52.387303624766936,1004.2882152725319,13.299957355944128,1
4,25.05253818558385,47.22421744796987,1009.049342333757,21.56990685524304,0
1,26.030937460137448,61.93598163370512,994.5345476465993,26.765847037087262,0
4,28.14596556809411,90.74426819482844,1007.5868204035305,23.97717331389096,1
1,33.07430251816761,65.9633238808349,1006.1757996912708,23.188230755627373,1
5,34.620987857641175,40.73714445376911,1003.5430482491535,17.10977964002123,1
4,32.90013558791856,55.55101292683191,1002.5005837217041,22.345138924185292,0
8,31.905602324456407,42.45271996051289,996.3309933053574,18.81905920083958,0
8,30.213006674135695,41.995819243742616,1006.3282156993006,10.406263204663222,1
7,25.867052118621835,55.164591920255376,1000.0303092295946,10.214709193526268,1
3,34.5817079300393,55.158678627342,991.4178315178257,12.409800171882086,0
1,32.58392413945681,83.29196314308822,996.2572632171026,27.770066774245333,0
1,31.389493853342618,93.61590590296115,1008.7059419709066,18.685371009493146,1
12,32.5903584553885,60.416390163949906,1007.0136052120969,23.347634425046735,0
11,32.24103329273139,63.58877833735713,1009.6381139615307,13.66396899541369,1
3,31.37231579789487,86.46341899573119,1002.559867652082,15.192894266630631,1
6,34.80576800179988,54.74764610525324,994.9502014628082,8.139139465931285,1
7,34.03363812636025,48.60099924218964,993.2563009935373,9.28237394554176,1
6,31.466649191171634,86.91992928720077,993.7382888121692,25.68391387065364,1
6,31.93175211456925,42.5575322542036,990.3959131669451,19.62096579222205,0
6,25.5159580665871,74.08346921096786,997.8136422197188,13.438311647095473,0
3,31.699174645500392,70.90960661067437,993.8285536099909,25.07128022488865,1
6,25.441654377101003,59.025624612593184,998.233109209134,11.162997640949575,1
8,30.882637569699313,57.33542366035475,1008.6998886367753,29.400817465005094,1
11,34.99353499565835,82.45217493998916,998.6108041901438,13.620440193654243,1
11,30.558065814371798,44.753353591940055,1007.5596899396967,13.43277385378069,0
2,29.732101180813334,53.0231370121262,1002.1100953323175,12.79779763841763,0
5,28.128548565055876,80.28468025109494,994.9426310932279,8.052787898107198,1
1,26.205225787864645,70.15763210495334,997.1170951851842,7.7784286833003105,0
12,32.310236714582814,47.03935146934725,991.6783907164286,21.202625863353084,0
1,26.925990277856304,88.5174587855133,996.6692518719202,26.877951113951173,1
5,26.152820212472843,61.639631560997536,1003.5508189100707,24.763012756791838,1
12,29.217626597305127,85.53276064271951,991.4422218585887,8.527689850533777,0
3,32.95341837959097,83.32421585402398,994.1080281695606,18.63955304480166,1
4,32.4506454812022,74.34339955594504,997.6288208282663,7.6397886494159994,1
3,25.548826146464748,67.19646222123012,1009.6409907403192,6.132366090326936,0
1,29.55143685036156,93.87529622099663,1005.6972364591776,21.40964648461918,0
1,30.22434576071169,47.97307898088994,1004.6697349298421,18.37880834200876,0
12,31.44546650625822,79.88356501531132,992.3238191305089,7.050592130286772,0
12,31.501673504432283,50.5154885805634,1005.6199178722999,5.873481160149711,0
5,28.64697249457306,58.60447079327916,1005.7053762303203,29.743910335233366,0
6,30.606771940035138,56.97843088552574,1002.0220539124865,5.750533303726797,1
3,29.810618838440863,92.08697932562976,1009.8072356399674,16.11320632625399,1
12,33.84998356523281,93.20458977835514,996.505078118491,17.615475615192388,0
9,30.302651326349,50.06584943290999,1008.825448964837,7.932003695011126,0
5,29.410321617481614,41.21193381636273,1008.2946222991301,9.226544460992907,0
8,29.04485449681851,79.60044218147122,990.2296131949876,13.795125160258813,1
1,30.72427759433466,62.989446362876635,999.0023305294962,24.041896905341567,1
5,33.039769794008976,44.88621347981604,1009.5420846610315,17.677060601506668,1
3,30.384014903807874,77.60647580673734,992.0624272481615,20.947546863824037,0
12,31.616551750805414,69.98080405433848,1000.9556938876664,29.62936387726687,1
1,32.37855766906525,93.92842521006082,1009.5791501408221,24.200135882830242,1
4,30.20168109878732,52.50752227237584,1001.1099084821172,15.859037453530442,0
5,29.268170566548644,62.21878319796015,993.7963060594432,16.16104804491372,1
7,33.766653778624494,69.84001918674826,1001.6436646018518,20.469301926025125,1
1,29.17506084027892,83.54349936493435,994.0888114789909,21.63413021047261,1
3,29.619428505755877,70.18612611960323,1000.3940852578896,17.517773145916784,1
2,34.90341313341777,73.7095088474072,991.4808443582469,21.1215305703745,1
9,25.002375235758844,52.438087837446744,1002.1096533842881,5.588312360352469,0
10,26.854729095767226,86.58053004487078,1000.3357987825632,15.740571597421104,0
6,28.839638899197258,63.574680083376165,1004.8032273752293,11.973451901836919,1
10,34.32589909425253,47.75277951369731,1002.6140094231757,8.22936113107776,0
3,25.70029705747471,76.53033529779796,1000.9921253706151,7.488662820219378,0
8,25.094854336284982,51.88497492519191,1003.7955769849624,20.079804140366686,1
8,25.526838359772285,45.36593806316149,992.8788382714446,18.090013678815293,0
2,25.88543410613618,87.40927996223498,1001.9071932251721,11.33960292490923,0
6,25.37596773206261,65.30892454686418,993.4422120564556,16.773751469312863,1
7,29.797813268565047,81.2106041982677,1008.5104441570376,17.305807879560206,1
2,30.807572072273278,55.98231578934953,991.3666820969121,9.875224510965396,1
11,27.71686971069004,83.28335742047165,998.6074949938159,21.302326547041265,0
10,28.982873839756355,46.15647598618417,1003.9159495531089,24.52298390965226,0
2,25.9169933511143,59.5785355587169,999.1604442333652,24.786588522237974,1
10,28.36370463828422,93.79339998854407,991.841905064658,20.061745767586377,1
1,30.22519191634523,83.66943440024033,1001.0675803225341,17.790964562975354,0
8,32.32271807184645,67.34907616730786,1002.8326381765471,6.5251785751348725,0
1,25.033463620429792,58.68776093590368,1004.0758462198102,12.195782471290146,0
9,29.673107665376527,87.96746350123621,997.4651962892552,7.331786169454247,1
11,27.97002876454882,69.96662674964836,1001.2731994205752,29.09557902196184,1
6,33.528218216919015,81.71337598280111,999.0137294987783,8.377003655644017,1
7,32.15553315234242,81.47592241738903,1003.4411207750451,8.794385246277551,1
10,30.891085344708948,40.98701232126705,1001.6711393464964,27.239415458262304,1
7,27.772656456967738,46.94395805359374,1000.5151243911827,28.598207086911447,1
10,34.103391020575344,76.27961515171083,994.990487336765,24.145725980872747,0
3,25.451006772203232,48.88908962072293,990.0403703549647,5.135123091816746,0
2,26.094675986791152,54.052133956058256,993.4816335062286,5.0336567739140925,1
9,28.91630140540356,92.06508748097839,992.3413208284834,14.45251924468627,1
8,26.244375572968565,70.81002421062016,998.9816949002189,8.584884250272314,1
12,34.56415697559425,81.29012288496409,1002.2451630152369,5.4596535537899324,1
10,32.979893221433834,70.68894063304519,994.2617001736961,16.601667235112615,0
7,27.589826516018135,70.38824881304988,1008.7811419193438,28.576547435174287,0
9,30.885542289732456,45.17835505691338,990.1336425844778,13.095489372560785,1
4,34.82330515080082,58.90147559350066,1005.4460203033069,21.52851696071741,0
4,33.84198978131503,55.533699427758144,1002.5040953906089,21.305883828311018,1
1,31.00798446442198,61.49006010874873,997.4710960209536,11.277002591629195,1
8,34.0372396717527,83.90893035233805,991.0097788882482,21.260631220596608,1
12,34.89184909813359,60.45629673542757,1002.5497314356855,10.308349357172283,0
3,32.43352822893624,64.84332505774255,997.712270257313,8.050185339422226,0
7,25.649864094828942,61.855976476692405,1008.7253427882644,22.534582138992253,1
12,29.015802364254874,45.137438458641256,1000.8398014977953,7.836020427597918,0
2,33.378257352832456,64.2589687037931,1008.7930302258702,29.922730464733885,0
2,27.30569195805019,50.75851001744833,994.4096738694661,9.586310028755733,1
7,33.30642517750624,50.26978126751728,1004.5145182072821,19.85354656891144,1
6,26.20338762034996,45.17198574388465,1002.3449804169745,15.284364285314734,0
3,25.46945357147813,59.61690357779706,1004.7881645966262,8.159660560141678,0
9,28.840906114912496,81.66150366341796,994.2933572794508,5.696097689435335,1
10,25.367319374266135,55.204292982086784,1003.2998903247554,20.56830705732083,1
6,34.57270262983326,57.17920060370325,999.9608078611374,25.168939094728152,1
10,33.26205695793966,75.3471061719833,1004.8564994981264,26.0503915376686,1
10,33.00769687129875,50.77124469228054,996.5408928830363,17.06783682692336,0
6,31.29777922996153,89.33268617329439,1007.801140509305,24.43638667955964,1
1,27.163240230365535,68.6104787788355,991.686026292227,21.82117833721362,1
4,30.18260366676392,64.61816171761194,1006.1437863758238,23.10636318747833,0
10,30.97274072430341,70.68011055610607,1007.2263925163018,17.314975130545353,1
6,30.250315008602684,49.13188723789075,1006.3450462273364,20.835293506053176,0
6,27.602333679515272,73.7410226251547,1000.2545278852356,25.138147839401423,0
11,30.15247924314726,59.97054051487058,998.7676996006152,14.947104388925576,1
12,29.911863408686266,89.34524875305404,1009.9252457304975,25.149472521689592,1
5,34.96335775806725,49.28698136727274,994.5834390242833,19.80042106972657,0
1,33.974361480462036,67.88781071259926,1000.9375193175209,9.147525609269657,0
8,29.6338074821562,72.896194615296,1003.4135105076465,5.617103930614615,1
5,31.229373829351186,41.836098098250964,1004.0173527172286,14.068840009978802,0
12,32.478716040922286,60.003121861587715,994.0804933147716,18.667408207408496,1
12,25.34865160233825,80.2949379085458,1003.0798818467961,25.99550880508721,0
12,33.9492144122784,85.12076290969352,1006.3673913296268,8.187142003506155,0
5,33.60126816417924,57.22390971495053,991.0003715364222,25.005158692089477,0
7,29.574320977737074,83.92262998105132,1008.2304258665064,26.575226151680674,1
4,28.911697660803796,93.22657324068638,990.5900811029042,8.767187175020844,1
6,27.72959374856315,87.12806648413017,997.1194206497679,26.289857982605476,1
4,29.766768283303684,46.47041934876289,990.3162639246592,29.7863391960698,1
3,25.443766635332366,80.68516826470474,991.5429033707917,23.170970776205937,1
7,33.521935333470076,57.58167578422996,1008.2233657036015,24.6192420456247,1
8,25.35422368418545,94.3628794176642,997.0972166149229,29.860381688971835,1
4,28.29051365369871,66.6947440737938,998.495430608501,20.137031263148636,1
2,34.3158948831899,46.733864409741756,994.306887627651,12.697159550406235,0
12,32.352126545234526,79.88520514150649,1001.9419154037344,25.938270851901393,1
10,27.81390960577527,57.76561591124176,1001.8960642935558,20.362144437790782,1
3,27.526490939608852,94.8392986394914,997.4440078365044,19.529885593023913,1
1,25.05082139818026,93.8880351819987,996.660697436108,11.340888887850957,1
8,31.957142928497504,76.08737099113193,1007.6992861636118,23.908356739572167,1
3,25.48783581673173,47.14045469234446,997.665684792844,7.041681896502406,0
12,30.32602519400762,77.77735487212661,999.8700198430881,28.10717676986653,0
10,34.6212197259205,45.1166767553015,995.6660952484987,13.14558651926212,0
7,26.09468860054454,41.61502875063158,1005.7353900671426,8.194366319749761,0
10,33.944799309680675,85.26271454218173,997.9489631379819,16.05916332756047,1
5,34.914753351450486,51.53641212260247,1000.2722209308865,6.061747731413329,0
10,25.61517026239235,60.846491942050356,995.0671434011932,22.115654856624158,0
5,33.82906269137462,93.54015644868952,1009.7531918468251,27.567637761133906,1
7,30.160790204436168,58.52622760236068,995.8299148184744,25.93157517846272,1
9,34.065137194445796,56.30693797058234,1005.414850618111,8.184236836197027,0
12,30.713189419195743,90.50143997925264,998.5499130071352,8.156778427693297,1
5,31.621120101065646,46.091164492542696,994.1243481016828,25.335862058106603,1
1,30.437789079973992,81.77703255630475,1005.9943752792972,28.1063568650779,0
10,33.64492880307348,94.34360616590257,996.6721357805809,16.516745745837227,0
10,32.339099189537016,89.57128059260569,1007.3038669479562,17.47427792284415,1
1,30.21260312180415,75.84173552885343,1008.3051436983565,12.956551034643148,0
2,33.68160804051547,57.27334372460026,1007.1964767078255,27.35662795641035,1
6,27.452855322553347,53.98770896480742,990.7001582961361,21.1225726323089,1
9,26.57340659702526,85.05903076793035,1005.7474669001022,12.206289429184213,1
8,26.60400105330072,88.39020526734325,998.2267893299829,12.46957177635629,1
5,28.34008878745238,68.89892019001311,1007.4744584036445,27.28000182659006,0
1,27.386900313010173,53.43869674325564,1002.7590852536948,5.340850597645536,0
7,34.30090350509739,46.21187646261455,1006.6728626828792,13.06816431816596,0
5,26.05834093828584,44.794870730750716,999.9886353973367,18.858917030409227,0
6,31.989907380395877,79.54925960446207,1000.7005100919787,8.705436552483116,1
7,26.89221539785006,63.10653003162487,992.8877526426734,7.302468854989745,1
3,33.8163713277035,89.79479308528286,1005.6797471737871,25.381908277264,1
12,34.613152881849075,80.681921539972,998.3877922333394,27.36010971621268,1
10,29.654700087699837,50.51932298530227,1000.0016023654316,25.590160519954736,1
3,33.790714802281315,73.75775803486346,1005.7019542819141,27.469697243433693,0
5,25.051451707547148,63.952799991898765,1001.9769080015888,18.827799276459288,0
6,33.199469174081,71.74873519227373,994.0219745488533,25.306453024758547,0
9,27.286251615249235,80.59380178361845,1001.8046531830179,14.601065959777511,1
12,34.08701309269368,84.34077345520849,998.1526571595931,21.65669653697596,1
5,25.011201114801096,86.40555295236985,999.3905108408773,29.72088828472911,1
1,30.56181735039757,53.96861810146136,990.5662254880533,10.643193095978186,0
4,32.56635803784935,41.71135799545467,994.2005869903256,14.747493657277015,1
5,27.58688330697908,80.66121043406253,995.6207616276206,17.00118443275214,0
12,26.93132864587293,45.848904944067606,1004.2592001571761,8.450387175501293,0
10,25.840982244679847,57.32057737371322,990.2298494659623,7.025965261626419,0
10,28.26433576503293,40.209942376839095,998.1755452245826,25.74307165804061,0
5,30.598443123088295,77.4918215320891,1008.4805374085147,29.419859320689653,0
7,26.158438567802577,49.19226063091717,992.2376123309825,15.118126595741467,1
4,28.766953619867987,76.0405325330412,1000.3284877643722,7.1912459048663315,1
1,25.09072404652725,94.54584394423114,1005.730447647817,6.645294017264412,1
5,33.18679420499842,43.996897938550894,1008.8506261504024,27.282955159007468,0
7,26.284487180931915,44.239290657330336,1004.9355327906744,16.595356243192,1
10,27.833429482655816,58.720905096667124,1004.4113109728881,13.000682914059798,0
10,25.184277187382175,87.65125828382381,1006.5297618039152,16.911531780984987,1
6,29.322407838925123,51.85414278352325,998.9240244195508,12.957602367308684,1
5,33.40121502741219,59.820780096169116,1006.1168906523567,17.225894382690498,0
4,28.921512114451964,43.767797364483876,990.159288094909,26.48890992294842,1
2,26.794973234238334,81.97354101923892,1008.4912211075361,19.807534276552392,0
4,32.53698834050519,62.456848851769806,998.8661301903435,22.366344320254385,1
10,32.88806981870744,81.75868031834636,1001.0676037573149,14.116766905858414,1
10,26.737534753075668,89.69843143907373,995.0976449782977,23.462646962762967,1
3,32.7085410854099,52.80197309057088,1004.8506166568085,21.665427121984308,0
10,34.47297888256338,84.40678166869732,991.5327161295049,7.989049943801412,1
1,26.663775869322723,43.25016395430393,1007.4527160509367,19.316071327889617,0
8,32.709842925321354,89.4366063499136,1006.5623365801268,11.41858740774395,1
5,32.085720046026296,75.7922701157311,994.3212023248954,25.10239174083982,1
4,29.735738884350887,88.08246982760934,1006.1864879657053,15.648442711673486,0
8,25.579204605587982,40.01036197561201,1005.7271546612296,29.867104129912178,0
7,25.74694417757854,49.29945886957959,1002.644331955079,7.312510948474094,0
2,33.52414659198648,61.43676630845707,997.4704035379938,24.508696568503964,1
1,34.90148372750647,60.87265968560952,995.4299750836374,21.842543338553913,1
12,31.760522571867543,52.470171060793085,994.635671805787,24.187470764767635,1
11,29.459583070103214,60.988656692696004,996.3721792552722,12.688244887261408,1
4,31.475736434019076,47.086679160014015,1008.0711688686506,17.301362234560017,0
8,30.943958592285455,62.701862109631435,991.5528155197757,24.91271299309271,1
12,28.836122604056218,84.12948810375953,1006.5774255250592,10.813533290521374,0
2,25.656261445740128,66.34885347068432,996.9778015008364,10.650829919716301,0
3,33.21512947407441,40.99000489198682,1000.4319879202271,18.77627383237331,1
12,28.718335292387245,63.17942228685861,1005.8897126729698,18.089089488246394,0
1,33.187856433570936,41.49462588499643,1007.6875309404594,12.056561760323321,0
1,27.52508749688382,93.1433875888739,996.895628401453,12.451891263120569,1
3,25.010294798456336,47.009967768257795,999.2368696255022,11.946129080164138,0
11,26.589382832767566,78.92285794818403,998.2903212963358,24.28780154996219,0
5,29.685394167685843,93.50269775906472,990.2650206700782,21.297521639061515,0
12,34.4430363495783,85.43214784166145,995.9188577771731,25.81042958525632,0
3,26.02193619693719,78.4623456319412,999.1837846746512,29.386825707850544,0
1,33.54209774461566,86.17035002254218,998.2218721776088,16.85410740679966,0
1,30.27024096211862,93.99892812933453,1004.4385845503136,6.667347035136221,1
8,33.259207657998964,74.17394734894413,997.6960723444221,6.202307760300886,1
10,27.983744309899926,70.75516437561296,999.7875289794134,12.39162598179048,1
11,33.39947164672472,74.55309607548048,998.5921718426473,28.31361473381127,1
12,32.72822780016804,69.29717377188553,1004.8125229778874,18.08032637427187,1
12,27.30053683031434,74.92990082503454,1007.2594479797392,11.794662902003228,1
2,26.313351264093782,64.74132143849076,1000.6377815801503,14.979169862775489,0
3,33.68054322532293,52.01437505858189,1005.7886438839038,19.964877685116768,1
2,34.63236653440132,46.61359745814216,995.935733640397,21.323741453446054,0
3,25.313023137475163,43.75875145427432,1000.8273922031453,8.847987744572626,0
7,32.312700669736856,54.48236810642601,996.9045990733995,29.4257919136294,1
1,34.095245109478185,42.53679603846536,998.2840185114366,18.61930567456972,0
10,33.57360092092499,71.19439289556621,1004.6482772962534,8.392207944806982,0
8,34.64520472270209,55.61056458629361,1007.6332496466542,27.340881333653343,0
10,32.600940784380974,85.34941444478676,992.4299078217554,6.86596077698572,1
10,29.422987623809103,44.08324801436125,1002.6927851297476,27.69338582943782,0
10,28.119519904951304,52.449332188781725,1001.6428761515559,29.91414140722456,1
2,28.207427404381274,80.16353808995802,992.3683007835186,22.510794978912596,1
3,32.24422672614117,72.93445630109203,994.2378866088022,24.261180526849746,0
9,32.458370120309645,43.547019918704216,996.2200498946536,13.43257091168716,1
7,27.003591435487127,88.24817014392102,993.3386214163501,28.539421318348346,1
4,33.68122813490531,88.24939695543986,994.8745896504869,18.24284915270919,1
10,32.14924040202248,58.17244021316756,995.3520159772341,23.30971116493887,1
5,30.627502863433826,58.72232138422606,996.7134766607812,28.10269289778199,0
2,29.715324601025127,94.39655970925956,1004.9878090560231,29.379499399387708,1
11,30.432328057899582,74.4396894376226,1001.438244077012,25.83010891491686,0
8,26.592457382792645,69.22240863124325,1009.7249334390281,12.57543767455075,1
4,27.03701249276274,86.09837009535585,998.2947165393495,29.16368791380206,0
9,25.911644904061916,55.6909686096524,1005.0773014767385,20.702988281089297,1
5,26.536580381611127,63.60504263679963,1007.4293684275307,28.266061908798996,0
9,29.536936346052826,54.72771715185838,1003.5795698607608,21.902625645358796,0
4,30.303543937282562,83.40384656238024,998.2372948083499,12.680974046193011,1
10,25.178618924783194,71.53421400993699,1005.0718926149151,14.250613103570398,1
5,32.967978278640274,76.23537885770388,994.0733427554537,18.761794427573513,1
9,27.94167973343478,53.87689874116736,996.5510433036027,24.75037103899705,0
8,34.118360349599115,52.11239157575233,1000.9337051019858,12.949563783508374,1
3,34.675112636137776,66.86060459406163,1001.5081877457229,19.493279153354802,0
1,26.854588746766545,80.56611620010548,990.4428295094526,13.640624839410037,1
3,29.620972907656608,68.8881866636088,1008.9022837751202,25.394235115877677,0
4,25.01231835166426,41.79551226501177,1003.9325454243478,16.66820234419876,0
2,30.98327265122427,87.77033284761589,999.9140750046378,6.9180706713221305,0
1,31.073064482626712,43.55777914333223,1008.6625446881661,9.15131303703841,0
7,27.47539955603375,92.57034660464137,998.7819113050166,6.527616690490808,0
8,30.58412672583198,41.38280770525,1009.6087114054075,17.48257365035813,1
7,27.255401424437355,78.19477508718899,1000.2456951448697,7.658432433705679,1
5,26.6082546907819,44.52138850414799,992.2857153999596,7.853499232740803,1
12,31.515194668022648,90.08721186893268,1005.2960194491856,28.526206500959425,0
1,28.259254639520748,65.54382799240486,1003.5779545015569,26.816376804401386,0
7,30.902639388856223,47.56380761493585,1005.4597344261117,16.30216492028415,1
7,29.332467489716556,58.74486348844157,1009.0288405745137,29.645133021255145,1
9,34.84351407402904,49.06535714407191,1005.5297860530204,5.004663204266578,1
3,26.495806426675657,49.38200513563995,1002.226732044333,20.349486406834846,0
9,29.6459859663581,92.14595760942933,1007.1461780472168,20.41070443429675,1
1,31.80456626359325,64.48853617566334,1003.4649287870907,16.436076396747204,0
1,28.955450838799685,83.38412451479478,998.1623811365184,14.92369932335732,0
4,34.7469985187069,75.17830586477251,1007.7123952848355,16.38457838701519,0
9,32.21887627926935,77.20344992861158,994.4380092156874,15.374010901992012,1
6,31.56983857564493,47.243139115962116,1004.2928254981745,23.262311937057486,0
11,32.570592676112234,52.88014457485171,1007.6312690988151,8.383885874332101,1
3,34.52648638038717,83.27126843349403,1004.6263303940659,9.940980514778254,0
1,34.078186529846406,93.39214135611306,1003.9455083810772,9.51295570981059,0
4,32.242853081264116,54.44716034292584,1005.0527658814367,11.561764628031614,0
12,32.49161639101283,54.936282061307196,999.3011049660129,18.131460469539583,1
9,26.459220740351455,66.00934230459977,1007.4834136431405,7.780218683455468,1
3,26.027924044926657,94.11121720704908,994.0687295027218,26.7042323831626,1
12,30.709045018441643,54.792742020455904,992.5477283200067,12.434038282711807,1
9,25.1836763694054,62.383455029884516,995.7101756023702,9.063449686717696,0
7,29.823563815515914,89.03140085929287,1000.6315479354998,21.890532739956083,1
12,27.103495799188686,40.16065679417491,1000.2112359081867,5.952157514982982,0
4,28.460165676448398,42.18712807437132,1006.4119751535318,20.499214121854102,0
3,32.75804735792956,73.22394223891706,998.0913731280804,22.454960766912496,1
10,34.412375042323866,89.90590905920658,999.6868885258302,10.37291328466798,1
5,25.724162721463415,53.137116322106024,990.2673536651879,6.049101836090857,1
5,30.342422059764452,65.830297607439,998.1947847288587,14.09113397298624,1
3,33.825334858196,64.77559159118,1002.9554846590069,7.4648557560484115,0
12,25.82508534440421,66.01342403525305,990.3101666125318,7.9119462418334265,0
9,33.24514046896834,74.23858326513599,995.6176393037249,11.356530786121613,1
4,28.578013509282712,65.8359069644876,994.1591271857878,12.386698115668983,0
11,28.220947022193354,64.61074777273518,990.8397085781918,18.249258525535517,1
5,34.77466386314786,66.08586312371932,999.5852017982908,21.95979713757533,0
4,27.00859089862294,72.49770926990729,993.6344658645631,19.819273521754617,1
5,31.93193940822681,69.53541185932471,1004.8616307926276,8.709008432237919,1
7,33.21440728009866,86.97747987077773,1006.958557675267,9.302150811315661,1
9,25.411834952792717,42.72232694215167,1000.9117036533829,26.96923124482286,1
7,31.70385458354412,85.83243893101569,1009.6341468504228,18.95880787660284,1
5,34.51549974355327,86.41585369364482,999.009571429412,26.748445822442225,0
10,26.242199667280595,55.66994118420285,1000.2673642044983,14.288662782996859,1
10,33.962213026850385,65.45685752587178,1009.784355079155,20.360000185783097,1
7,30.947766373769362,64.11961686955895,994.630968719301,18.09158540136527,1
10,31.166045818624738,52.01804088947716,1008.8509187935381,12.978087245511563,1
5,31.12944174865606,61.823826589747405,990.8567511023823,16.747884300839885,0
3,27.988358863373136,42.441327469396995,998.9277378052639,17.562271920673304,0
7,34.352018152994596,55.28021400299539,991.4000702426613,10.019274368916964,1
11,34.47350462631039,84.9175196497895,1004.5846948582729,12.87525930941829,0
11,31.253046602139477,55.650926596959366,1002.1681787176003,24.78524376267439,1
2,32.834227259416146,85.00136678115362,1004.1326852693519,27.894705986353177,0
12,31.12257985881158,69.2379705532437,997.4896079993604,13.994852338632487,0
9,29.843984475740406,88.3924472548638,997.3896386806276,12.674307055225455,1
10,31.608201182992506,71.61287548454283,990.9063855792178,9.879929114297063,1
10,30.530014525919583,41.63175226856069,996.9988987905928,21.96227921626453,0
12,30.9747586263193,77.14811141508991,1008.5857680452411,13.077492541658431,1
1,32.83832553418862,42.46694624129628,997.584530743609,29.693738477479712,0
6,29.809038314489847,64.78283604407237,1006.6273541244394,13.14212005159883,1
7,25.40754106092473,91.11846819602127,1006.8465100949987,14.853401169565704,1
8,26.639994809894972,49.08621666358176,997.4648231275846,20.08335490530087,0
10,29.386072164895385,61.442979411784926,1002.6397736079238,25.042107329782624,1
9,32.24826559874058,80.14231698666632,991.9074320454612,16.737966633640845,1
2,30.932786483101786,88.52422058521663,992.0735716146855,15.566400844723958,1
11,31.502941858734538,76.90186526083794,990.9731532732343,29.890945839870206,0
10,29.792789285762872,54.19952898051431,1001.6203018675022,5.262341028498611,0
2,31.157420219422427,77.10343191039189,998.5214195525219,27.376632221281145,0
5,28.290174378146624,56.320020260724945,1000.9606471332849,8.728520648493436,0
5,29.70182592696665,79.51360764003044,1000.4214638101678,24.648131905222836,0
6,32.44279065594956,92.47182201717723,997.0040598218146,20.44828899615745,1
3,33.71832778973121,79.67663981084586,1003.5494682964695,13.546182137452302,0
8,29.33655333956389,87.45842766018268,1005.1700376183278,26.84687388802546,1
1,25.43661657707361,40.11571137467359,990.2925651775536,5.322680699524799,0
6,26.616725441468027,79.46646686023769,994.1448459953775,10.667266301873092,1
4,25.20861139291538,85.62731562758876,1004.2647173616667,19.1723199062384,1
1,31.5326301923733,42.230730564957476,997.7324034526766,13.78855650124245,0
7,28.323146253551087,87.93787500085269,1003.2496789388322,20.25943738295819,1
9,30.424786357193675,54.11818255705252,996.9392531946912,5.602754835216671,1
4,29.932768467837995,76.59106560879303,997.8151030465928,7.911473262042813,0
4,25.815264895524265,84.01951834628736,993.1735774737937,8.17740600546098,1
6,29.032613611238318,76.44654821826455,995.1646203933232,9.732091147900235,1
12,27.20561124922323,45.07566356402915,1002.1082351501517,16.48328602001357,0
3,29.18399788667653,72.79768353732027,998.6632622263033,23.80321748858928,0
12,27.03578280342243,70.2271011197179,1005.4860536588919,27.638470948222526,0
6,33.40452406276933,89.51766974408494,1007.0516990987669,25.88431325710615,0
7,26.741933365782536,62.23318513043151,1000.8329283643352,9.92219679439209,1
11,34.60780551486977,57.659460339787756,1005.1653458411212,16.02876380576581,0
10,29.159073661469407,81.24179204400565,996.1380902638914,9.985289943963375,1
10,33.46245292019049,62.697142934586815,998.2994243080016,11.611795416679769,0
3,31.28764818205945,75.53528962527847,1004.2555535243366,17.588674537797154,0
7,32.353502986657524,75.55475495685339,997.7242398563407,6.702725618088063,1
3,32.6772388806678,88.84214853980649,1001.7700987031798,10.45435823983183,0
2,30.048448818930176,72.92808212755035,993.7074555816503,28.384454032677933,0
12,30.433005233632883,67.61844854790928,1001.9954262994099,16.652907316462226,0
10,30.13995867808725,47.637922951808434,1007.2302741445378,16.134663149446805,1
4,30.880583780900793,46.36556836732879,1007.3727927964685,5.3641788687819725,0
12,25.293944457565072,48.48768609056937,1004.4868881265908,11.184993676458644,0
8,28.955151698490152,49.4516664729902,1004.9150675815225,26.65731089955453,1
9,31.061887135611716,75.08324009649986,1001.158548903014,9.115710706466718,0
7,30.977235652558644,80.75396876510182,1001.6933618033165,15.378123488368027,1
1,32.92956094605631,69.14953376095303,992.6730116282104,5.358272646675031,1
3,31.550093388321088,85.595975290002,998.877183768426,16.958387041763896,1
12,34.92133316340672,94.51947747034983,999.0155256777273,5.525527668155429,1
9,27.83854528608645,85.10069460156458,1009.1699567133548,25.490238826644998,1
12,28.591510296662314,78.21853055217775,998.6217372524658,25.62134418717759,1
1,28.838471518677963,69.28709846904306,1000.9868528980552,24.693554707559247,1
9,29.658128070202487,64.68691894210895,1000.665027985582,12.084101722277955,1
8,33.35998063781209,44.641580929949825,1002.7352343408866,25.93093045554545,1
1,27.3579209395921,61.965281161708006,1004.9646566266379,18.574953315131733,1
6,32.7600020703543,90.05740502301738,994.5008375234174,14.345202721675061,1
5,29.053101830857436,84.4412446448604,1000.5744883819688,20.633248992605825,1
6,31.018553836620086,51.8828250756428,1006.5183541463206,5.3085261515093505,0
10,31.32540533226306,65.66342815834687,999.2622942767503,8.574021940018804,0
12,28.728486371889346,84.91977614071996,995.5691509274715,23.55733845425657,1
5,30.126152052058053,43.70615051320374,1003.094181507126,11.104040217903826,0
6,29.13031174647697,61.30659221177626,1006.4753479159824,19.95022793321874,1
5,25.691327861866196,86.85126802806712,991.2628058585478,14.627565070575741,1
11,29.371653888168265,62.214382529356804,1005.5358096681446,26.370144469981536,1
12,25.973933925535523,44.268805460229245,1006.4329586592354,28.81038264991609,0
5,29.050207990803216,69.83939026927384,999.2304585517721,27.08911820925476,0
4,30.929183998317818,87.39583722050625,1009.6661131363694,11.765499867339916,0
3,30.79414899343501,72.46570486242379,1005.7341668141462,9.854071726152057,0
3,31.6262127900832,52.44535095178275,1005.4732512979133,16.860872340518377,0
4,25.952615079546263,61.133179107555975,1004.9567714882414,5.183353770904507,1
9,31.52123245530438,64.75678486500627,993.0121620643655,5.645234821579543,1
2,28.121480566964472,71.85964946012898,994.3446177290602,18.832265990575003,1
9,28.99045946137111,81.76430641639371,999.2798026292885,18.011235104132147,1
1,33.57986253922706,45.438048970234945,995.2800869991893,29.8645497258815,0
1,25.090304041295504,88.93086181596615,998.3048194466808,10.046045884093953,1
5,30.884126333406055,40.67703366588416,1007.7692821984584,11.452598229011711,0
6,30.987139801001078,60.352878407084035,1006.4865378375854,7.838516058157167,0
6,28.96659776343562,41.508117048496175,1002.6007975695996,27.938575241343617,1
3,27.37027857108336,61.613582393991024,1007.162407885022,24.44528111146127,0
7,27.34674038261551,68.91969293803281,1005.6754477803449,25.558477786421186,1
9,33.837096696607524,68.14247626198315,998.5796986368179,27.569094699112718,0
11,29.420243737828574,49.1095590865546,994.0213030409989,18.122499668145956,1
12,28.30889362989172,75.51572805525868,1000.2840208001868,16.279829786268092,0
10,29.48777573831403,42.462814777756755,1004.724577650571,13.259786841640413,0
8,31.693904014593613,81.90487510728285,998.7283919745919,19.73036535869639,1
6,26.457565682447516,92.06544386964504,1003.335438195678,16.356959919745563,1
12,29.494338352137376,58.687285493311485,991.8865485258209,16.289139665139377,1
8,30.87884371110387,68.44816599428826,1004.9600947274281,28.423196593278472,1
12,34.485833548514336,60.84006529323479,1006.2542723978612,29.600787856978254,0
5,27.52527782075419,40.3690714667233,1004.1367571156109,24.912109733239518,0
8,28.592507479162457,61.22309765923138,1009.3452717505273,23.918952256173206,1
10,28.793585899224237,83.54461425937406,1006.5330411492127,22.013954044477536,1
12,31.05538157644883,72.7793863200915,1008.0618745575308,9.151871308337842,0
4,28.567320530400018,45.56929530383374,1008.671421669153,6.477645521891363,0
10,30.335119252996954,86.59267193315819,1006.0269598374762,22.268157877831577,1
8,32.8179032984503,69.20969396868836,1003.48517684013,23.2196555564144,0
10,32.05385594112204,86.29478489595718,990.1143716272157,6.174324777453495,1
12,29.463686465125853,71.91218353317662,999.3165150644625,28.201293755721203,0
2,33.64216177674169,70.78286446608669,1001.4232459724473,7.278515986116938,1
12,30.58140249593863,45.78925518583568,996.08060544896,12.14751334428006,0
12,30.399058395022124,49.20478532262454,996.3620889380694,21.80974531996761,0
5,25.34187765939158,93.46138910731251,1009.2231883142033,9.246814860111908,1
9,34.866929803571615,52.56677107151239,1007.834217304055,6.385397211056111,1
4,26.229708085296267,93.75986648947023,1006.983580110034,13.278662229103745,1
11,27.311309124276466,69.25519885883449,998.1202360341222,24.149289371379478,0
6,25.51696837241527,47.46839758851654,990.2739710081783,15.341966974631509,1
1,31.400029668369136,45.461621151453116,991.6044449291143,21.32432304769848,0
9,27.2470117697268,51.4875238888157,996.2439273643521,19.490477430703415,1
1,26.800104374727233,90.91005315139347,990.3148582599135,5.555462050639511,0
5,25.885555842232414,62.77826233805247,990.3429956383039,29.713499676142668,0
4,26.033089571240158,61.74888473961029,1008.3320660328483,6.035702220484694,1
12,30.846707004425888,57.22634435885957,1004.123170042381,29.195068441212126,0
3,31.882078658665954,48.08840178116236,996.1791198013631,18.746604459109953,0
6,28.97378988464401,66.83181584558235,992.652891552019,29.078975676626662,1
2,29.798970815920732,47.152628038112624,1000.2327143579015,7.868839985345886,0
3,31.859677359829842,85.95141300102802,990.1069232170873,17.260212979637828,1
5,25.173797901854797,60.371834245141855,1008.7682748771629,9.237602296651467,0
9,28.231306570702785,60.614196227998804,998.296302387779,6.27437192556106,1
2,34.730977480703466,66.07035356657357,998.0466991047466,20.43822787655779,1
10,30.80112229695468,64.42702422411634,997.8118721516356,10.194585524042285,0
8,27.542245798974932,94.71718851826269,991.3865666077553,19.692425457188648,1
2,30.217300466362133,69.99596166700664,1002.7664447958365,7.809112048724641,0
11,28.426534881209154,44.85109370844289,1004.660072392567,13.29966178581757,1
5,30.32244988826299,73.37825378673115,1003.5225079517658,24.540813951331177,0
7,26.25741511806649,48.3371361078434,992.7687098665879,15.926288046054692,0
8,26.327146538192775,41.701570460223806,1001.5768033607119,20.69363537243341,1
1,26.43542362039393,93.39081845224865,1001.3896896834451,21.18644851863865,1
6,34.39819791926842,82.54463903440102,1007.3682157588277,26.09387609968234,1
1,32.32898918341342,93.90599458275719,997.582553167513,13.123069860166032,0
2,26.62381894662321,66.28331464122334,997.4297188731887,22.18238906456294,0
1,26.883490837656016,69.27416421319369,1002.3705411743637,29.040395176154142,0
11,32.30829474870876,49.25853257555217,1002.6614530699902,23.2560833589467,0
5,26.56163844792174,53.57990846671721,999.3857045465159,17.246761917943616,0
10,27.345612933348285,86.12020681965555,998.8611872466084,20.76793611229823,1
9,34.63346832820399,59.59021059146768,999.8829534127576,23.492072444077703,1
6,27.55306524728432,85.47482355880305,1007.2209059900663,20.306894142346813,1
11,31.616323503711467,78.99575483578676,999.2233380250782,5.416895337245979,1
11,34.786312874005304,49.7444008899526,1008.7986358393964,9.869337442180647,1
1,28.742967671397928,67.90955013658582,1000.0800752719265,25.26170543038665,0
1,25.17515990862062,77.25630268352943,1008.9840138636179,11.816266182812118,1
2,27.441472904223744,52.927046814210385,1006.6566380373815,23.28905298902835,0
9,33.308771913417054,85.68786807860423,997.2486264523166,14.303005381042468,1
3,33.64608835955037,69.96552116498528,1007.2728284259323,18.04710820394858,0
1,32.68519364523791,49.08831277434318,992.2012656840224,6.699332495485093,0
5,26.13109819076573,72.06414343905314,1008.5009435068603,9.530639026242739,1
7,32.95510371696403,94.98425922857527,1002.6328703016578,28.929924087980865,1
6,34.186777969935044,48.27868204148774,991.0878149704462,27.25345133617285,1
12,31.006095425462362,84.92163115657405,1002.8851344730163,21.306877772476255,0
1,34.40875356338065,51.40199517531569,1009.4849530828951,16.491114934643434,0
5,33.26838883711878,83.0313581203048,991.3960130922926,21.894032322380596,1
5,31.66971516990907,80.40178577167774,1001.0937541956017,20.465257227348474,1
6,30.771852367117482,56.52691620802378,1004.9558869951875,19.213806390115302,1
3,28.485736672419705,57.92027146604474,1006.2051717339906,6.4794267965885455,0
5,26.592874452428052,83.58867655796055,998.276549306416,20.82006526653767,1
7,31.04953922690541,65.37950315380219,994.0833311833649,24.22300111427921,1
5,28.181115536181196,80.19499157914947,990.8468455754477,29.85204136613939,1
5,33.664386675276454,48.13912810512091,1001.5945231419445,5.276963814857742,1
5,34.93336937358629,86.89067800458545,999.0582214053522,23.254336332766915,0
10,32.52427762615572,79.09865941752756,1008.9748879029942,19.294732898399513,1
10,25.904816952870508,89.88185448591587,991.2120981542982,15.851304402023917,1
3,27.88685595530638,47.28048084692348,1003.7079068689201,8.189254364284272,0
1,26.0910963176575,72.61579751983288,990.4993244424012,15.227128715871906,1
5,31.505116477917156,72.95163217721787,993.4286835342109,13.859429574653383,0
9,32.651908645557846,59.44034073007303,999.0715799984566,12.570747224468555,0
1,34.25674830880712,65.21565335130919,999.0974488560573,23.271990583055192,0
3,29.381723464119876,42.08898598094194,1003.7140108586729,22.518138032106595,0
4,34.013756495884444,81.02230212448566,1008.2042606973552,19.72550227452279,1
1,33.77891159041327,70.21273636717457,1002.7806431782984,28.466620332334305,0
1,28.171957167653986,43.17575785280456,1009.0707019570302,13.746359604521361,0
8,33.68900625540571,77.44157411282671,1007.63231279756,11.09504844275449,1
2,28.756722518817263,65.67301424771534,1001.6899959106158,21.39758282745999,0
12,27.96869274560281,41.895369268375,1006.6758390183766,9.970351523435074,0
8,31.49074658794393,93.32842497664524,1002.8515522064727,12.875262679585616,0
7,28.28381227885081,92.20116786991923,991.5711566184746,10.615061001872121,1
10,31.30208748329144,68.20963288809587,1004.8112944651901,6.72883919296253,0
10,31.098318054986947,45.15198313882506,991.8981688253469,25.687468540891835,1
2,30.634389273484587,81.50416718792255,1001.8816556113942,11.36351357304153,1
6,28.804197042327978,67.0562105058151,1004.0528041171646,16.825687583575515,1
6,30.484997216514767,56.6346113059159,991.3305521642171,6.082881831357799,1
3,30.964854749854215,67.02799976407061,994.6158930785307,22.483486656316078,0
11,30.456868884954734,68.73442799730054,1008.313444645233,13.264025057657271,1
2,29.444194527512018,70.94914344622866,1002.3262898446579,23.61841819573025,0
12,25.14667057046264,64.26730425104296,994.9257203762106,15.310076511696654,0
1,30.87061707701151,73.31654167264811,1003.8135954229601,9.893890160140614,1
6,26.684443851427197,90.53040908335075,1001.9355283992338,17.8293770570509,1
12,31.425759689471896,59.92474479042251,1000.031513998359,8.262613990935995,0
5,32.59344327922866,79.9144054770972,1009.5237394997616,16.01347899682487,0
11,30.004453091307415,89.19489062533276,1003.6690755481502,12.932636935512164,1
9,30.423636649797384,65.07886016679653,997.5088221933582,27.79898960499083,1
1,34.51478559665991,64.39007100100473,1006.0014686415374,6.523218043017999,0
7,33.47167361372574,73.11643419451288,1007.6916658584238,22.35043535264355,1
5,34.142365159514696,72.52737176823685,992.5044111903367,9.568779149685898,1
5,33.137662883195866,84.36241382794523,994.0110595569054,12.976126858305996,1
2,26.089183418467314,66.20658610780609,994.3245401825556,15.387851576551649,1
11,26.489918559701948,94.78676223016927,1003.8242361877308,27.700377234374354,0
3,30.266237972689595,43.270936287700444,1002.0607911010657,11.064456651845628,0
7,27.46069658797998,40.17423167193859,1002.3798312939717,7.282720063616756,0
6,29.766954750411593,75.21090713577931,1008.81546599379,12.967240099763089,1
12,28.9436532381835,56.413920179903215,1005.5182306561461,7.6168992633883335,0
2,30.49414238430453,53.22103137847161,992.5587384902357,8.214912149013813,0
6,32.468757161358226,57.15444940023542,996.9501416485036,19.346264949375666,1
2,32.154909070992744,54.08261608077249,998.7078729235147,6.522548327487333,0
2,30.212341324853345,41.69345273132463,997.9192317749521,5.773272034839151,0
2,33.22393418817058,93.43431733148238,1003.3861721832376,22.860352536762445,1
11,29.308620915380335,52.141001864903,1007.8378620651313,14.041177371026112,0
3,33.96714289840122,80.37163694241184,996.1210292704558,8.134383730846832,1
2,25.712802700551638,81.94280170817964,1001.0375427284237,11.340319271492707,0
4,34.546600300333075,91.10915689039761,1005.7881884382717,21.052162683809975,0
9,31.546930814313484,41.6802201401359,998.324361176907,11.88841417852128,1
6,28.800745089372054,87.96265861458542,993.3623625679859,17.3630281280102,1
1,26.971541265728774,68.99743994618902,999.4990193052749,8.042382668166807,0
8,29.791832294436,74.78992604812053,991.1044504148606,19.702340940136175,1
12,26.94558323185301,75.44586524165686,1008.8476690800455,12.901942096081601,1
7,26.66331607743142,85.08887927416,991.4964241038995,20.674210863217915,1
10,31.173517574129743,58.33740271875108,998.7691343050116,25.209872057600574,1
3,30.23084724581785,80.31781544229963,1000.5976252217705,20.29116048474981,0
1,31.70096034610942,69.07179603472085,1009.7060766457457,12.393689064875517,1
5,34.296058774219894,83.63667078679413,993.3204364728572,11.393592538707509,0
4,30.3226021333904,94.48003180235733,992.2886303722472,13.1855239683362,1
10,30.80932053262798,51.03580595720687,990.1741229412509,9.115512830912621,1
8,25.89626339154942,94.70567528579988,993.1114287373861,9.529296271250502,1
1,32.176357859086295,44.93966848555257,994.1454595813534,24.767277547504197,0
10,28.99905206804156,40.12746513476476,1002.6116188316619,14.618314412686125,0
1,34.767252386625785,42.42890648978072,994.394135807828,15.899879514264645,1
12,33.2317401559566,58.79803226052189,990.4104162945865,19.85123663917028,1
4,30.224810405161183,74.80984818731388,1006.5323669100497,19.741337378788693,0
8,26.232226541721662,43.79662474883173,997.3119140200794,6.684421788048143,1
5,33.59415793280589,40.3116197991262,997.0739337316147,25.78851965844164,0
2,32.997810954240215,91.54000656523371,996.0495805833585,9.433163830598485,0
6,26.84585129537033,85.20596497669612,1009.5074655429285,23.076790901241722,1
5,27.9527828922031,84.5050744126467,993.4023083461856,24.316774703204164,0
2,32.934072581478375,88.64333515260874,1007.9647612790648,22.872488352282843,1
11,26.852284465474096,78.50188500246574,1005.5360666427978,19.47444116385363,1
11,34.17752489171377,45.74222713614448,991.5295991099863,5.365224927722071,0
11,29.245274251963618,61.95051034405476,1009.734582030017,14.009387309079267,0
3,25.870389625876587,79.77322175555463,995.4273192707802,20.12098573406453,0
9,33.15748643504281,55.418395343533646,991.9716585404483,14.686282398063467,1
7,28.735096830383874,77.80735002749307,1006.5862846825152,26.586997372820328,1
7,30.264991941537808,41.34741465472088,1004.133510673554,12.720056883740384,1
11,26.12304344411219,56.83755374837763,1002.344376117558,12.33836981146651,0
6,25.025840148449824,70.20216849524449,993.1196172739786,11.649942327316449,1
8,31.379852057932975,74.76494062284333,999.5699223251193,13.319521724019888,1
4,30.151751703337318,71.7372365454051,1005.6111205377442,18.93512410785468,0
8,30.935385691231474,78.37659518403862,996.0724787628768,22.67538235681477,0
4,32.93743850380516,40.33488115319115,996.2337965703008,21.564197943469626,0
8,31.4660591342286,45.551765998763685,990.0628181209624,25.19294549953699,1
9,26.747734428273773,87.79193387535298,993.4848680329076,27.147849887435623,1
3,28.607725191106,77.49617542495886,1007.5081125024367,25.40197605858378,0
3,34.0589110478776,46.21124034773062,998.8349298327541,5.473635084358865,0
11,32.69944700251679,86.31409405692186,1009.6846899846887,23.397948838799717,1
2,30.566370579367174,53.32271698035118,997.9141592714758,10.20998934045829,0
10,27.556449978092722,66.30429363073729,1004.3037290956048,8.323201067699566,1
3,28.02060501834795,47.985808208656316,995.6383808580946,20.962219619978388,0
3,32.31958067585634,79.05605310319388,997.2761928228186,12.993579885192373,0
5,33.51174260852771,76.67699315578473,993.8145197518179,6.4279290842610814,0
5,31.714246695306144,51.611185914137494,996.9412473699879,8.440743359959033,0
2,33.095299757684415,87.4870421771351,1000.9447504084129,5.0232354217490265,1
12,32.66656135200406,62.07183133208417,1009.835457619585,27.580590683617682,1
10,26.49703967956958,56.0883300088908,1003.2840342614357,5.615449596030965,1
6,29.23944812913302,48.37812742054945,993.9849190881663,10.236394237737777,1
5,26.529838008285626,54.63924068835456,990.899228831831,15.406569517197683,1
6,27.352355848019847,41.211480667309935,992.5271296262902,13.914283148770478,1
1,33.692596246510526,72.07916208508635,1001.2511040254609,27.793146922819393,0
5,29.728919656331822,86.32269104891714,1005.3032065763354,6.007223643363552,0
9,30.35358101842661,70.1939247192903,1008.808384146015,17.80536769192629,1
12,26.78445965227772,52.06006790581316,990.3164634399365,22.01198656310935,0
10,28.12271786048796,41.851804801763,1000.4552028312374,28.29244934202922,1
2,27.3024616842787,51.80454402923416,999.4173471244635,20.509281303093026,0
1,27.061861645184266,62.88667854391008,1003.1211004395141,25.093880900294067,0
10,31.3796079331597,81.7786285784888,1001.1915770893069,7.09312344613371,1
11,27.56883847645715,50.33135688957758,1003.7407830116496,14.648487773423184,1
9,31.320154860204184,79.58852993450773,1003.1616516949838,14.348678361976686,1
10,25.58454614108554,87.6813407593536,992.3402344971589,27.15720541139294,1
9,26.41774393527102,64.96707664595964,1005.9943582723744,8.784279281581874,1
9,27.745402540001255,85.17875954034264,992.4646515143265,8.797154308415756,1
6,30.970469168956917,70.50615414193025,1003.9706125041828,13.213953747144961,0
8,31.75841245087376,75.03999603944978,998.3229073528121,6.36165118417094,1
11,29.42716966779527,68.94531531860115,1000.2770146915319,9.561451016312251,0
1,29.45790914577229,65.4744994213238,1008.0659602875143,29.13024096364338,0
10,32.24516851398618,52.905939297671715,1007.7976745294698,15.70459849667932,1
4,25.158210917655826,56.675673270357535,1006.3571261131005,20.800480210560913,0
1,28.410900244742205,55.9483565418985,1000.2029676091265,23.152781483615925,0
8,33.18707057119233,70.98089120245982,1004.7247962026767,14.174035175180013,1
1,31.032194102133722,46.59745311631394,1000.2579411103762,8.680676860262924,0
3,28.372271327554202,90.42354298862844,1007.3921216494955,10.16452540554452,0
4,34.05524792329674,79.63603299057124,998.055516664658,12.831661914515259,0
8,32.72622727449382,62.07950970022565,1009.4047068882975,20.901710508805643,0
6,27.648954472367336,48.72432794895079,1008.6464551645776,14.95701372722636,0
10,31.45289837525717,88.50956933468997,1004.8320523890357,5.170367447503203,1
12,30.95750728188957,85.30779495556408,995.5883176835215,18.085179626686795,1
7,29.011879140389826,79.69468539944486,992.6330717758651,28.03783479768545,1
8,28.669560792048006,54.93508760761833,1007.094069001864,25.301940275216975,1
2,28.43560474775704,62.13456505885179,993.3060457227592,25.630284281490777,0
10,31.17155783395647,45.651153884883286,1007.0852157799467,24.876450440153278,1
11,29.424099364806693,50.39717386001425,999.8153001342472,13.093270640260592,1
8,33.31863113251422,83.06591505242031,998.1311356761621,24.1298458438598,1
3,31.696026161339617,79.32712953678761,1008.0638155766886,8.579033945279825,0
7,25.699316057094343,72.6417169636764,1002.0770196508056,21.442903681898837,0
3,31.40168223828166,89.26496992593951,1001.5322801425943,21.03921416712486,0
7,27.71147436500185,72.0796584797175,1001.175318892488,5.639244977243367,1
11,30.92811991653423,65.68323999799858,997.4233903203906,24.69925333977329,0
12,31.801319311034515,58.72039104681695,1005.7128620705826,27.581202627378264,0
2,27.308291891540122,91.72466781548948,995.0559688803155,11.68538196180269,0
10,29.568586448803686,44.54935038383944,1008.7778992008255,25.309768104653774,0
6,26.903248628190678,91.19880546334446,1007.8797041009392,7.060149296548705,1
3,25.52338875786508,85.46930629620601,996.749606513498,19.99919645652665,0
3,28.78476423485869,47.14614584946357,1004.5892753966333,17.14117163335693,0
9,28.62944271845992,71.07413967213895,1001.4644638889919,18.648088332725003,1
7,34.95480490704257,87.66013899619978,996.7529860399846,28.155130047108628,1
5,29.463523511976422,71.44950399839345,1009.7704329599089,26.782881181171337,1
12,28.335695494722003,89.89599018583422,990.5047469169652,24.627091430993925,1
10,30.804750067166747,91.86410992488234,995.0529206124257,11.842461441959275,1
7,25.887673941077686,63.23114872013682,1000.401481222223,27.79546571715229,1
9,34.61665735954813,60.7522513773478,1000.4390600695713,7.437692311596882,0
1,31.34960045591033,91.49766346830363,1001.7786614989113,26.333230413969694,0
7,32.548378199408475,77.13270336323174,1005.0335234404583,13.204001808840195,1
6,26.704779381739176,46.38124747414931,1002.4695566103859,6.344307791549584,0
10,29.09477853005204,42.326046207247465,1002.0056292105608,21.733924606018707,0
12,29.226891133961896,71.05459780484946,991.0702892582609,10.781998207898887,0
9,33.21806443901087,91.15940309911335,997.5306057557859,11.089278146615797,1
1,25.012366797594094,86.43367863232001,994.6411147940231,12.651179155719287,0
4,28.00853108353255,77.1716260555385,995.3074022320395,6.592119187562918,0
9,34.812363743443036,47.651371689009814,1001.0867494868069,9.42817860495635,0
4,29.748865435062186,53.982726106178255,993.9901062985922,5.1284906896390074,1
10,28.825262802440083,88.15311746039389,995.878982020338,16.135238027644668,1
3,26.198290020176465,50.054398016129525,994.7416941703468,7.106384435449282,0
9,34.74164628628016,55.314167453773905,1008.9700588643639,22.066315126104975,1
2,25.200263559258246,47.12803581574931,1008.893314643422,10.89057127979121,0
4,32.371802250072435,77.18595272779261,1002.198831171921,28.589353600879427,0
6,32.685998047885086,91.91902679497653,1008.490449374638,26.781290684966315,1
2,27.436567160638667,54.79324173774623,1005.7162529093674,12.236022374205206,1
8,31.71558443613037,66.14736343175406,1001.7989576560361,24.580386366416967,0
8,25.9292914437939,74.88868568411624,990.1287042299359,25.081122616620156,1
1,27.5704726643208,94.97064365185969,1005.4503257215881,29.66407785286026,1
12,32.87901988292265,45.76444357486647,1004.0497668317694,19.945999671142125,0
3,33.646861920335404,67.421393972814,1002.3050730656482,7.049143366091554,0
10,31.084864126597914,61.1816065946375,1005.2084862336494,21.170930723159525,1
9,30.068384318204828,87.62010908722954,1000.2584432954953,20.62449370940088,1
5,26.5930402061898,66.17822520564107,1004.0816654264268,20.958764435510794,0
6,25.6310903307915,46.10376385218314,1008.7034417345299,12.678641202605288,0
4,26.176490284735586,74.8933279907621,997.5161003169218,26.491989627008323,0
10,27.273573000960987,82.39293400451339,1004.1624366980125,28.986804573885298,0
2,28.41674501896921,40.1584688416088,999.5137563602192,10.442812824453789,0
11,28.809095255109874,87.24261769813462,1003.4879930362796,7.203803953416111,1
8,28.463217685890037,50.23126500031161,1005.2578667110873,9.863375829212103,1
11,27.390553321972657,70.36381505593579,990.9090500087159,25.51380348139297,1
6,30.09724246751698,62.86886253780976,1002.9320088789732,21.91611587049619,0
5,33.25286108232897,79.58095991357916,994.5348236881389,20.901183558478166,0
9,27.797035384714793,60.413888813215806,1003.4006507561513,15.044828377735612,1
1,34.42387019102233,87.83697471749409,999.3666037186763,19.445699287785892,0
5,33.733366617238474,80.17729985273346,1005.4710548372977,12.696853131859186,1
6,26.617642113521097,75.62422440846069,992.468016304112,16.93000198544903,1
5,32.86275956757095,83.79323275595698,1002.5264470331239,24.826575709266397,0
6,30.745873823177668,81.47126692106102,995.569414578551,29.531039936386552,1
6,30.665753621714185,41.976627120685436,1007.0596399066118,28.312223089745046,0
7,28.910427630581744,61.710389461465546,1008.5676701127261,28.34664857115622,1
